Mata Pelajaran / Paket,Soal,Opsi A,Opsi B,Opsi C,Opsi D,Opsi E,Kunci Jawaban (A/B/C/D/E),Pembahasan
B.Indo - Bantul,1. Makna kata artistik pada teks tersebut adalah,A. memiliki nilai seni,B. bermotif sederhana,C. seorang seniman/seniwat,D. berhubungan dengan artis,,,
B.Indo - Bantul,"2. Dalam proses membatik tersebut, mengapa kain perlu direndam pada larutan pengunci warna?",1. Untuk membuat kain menjadi lebih lembut dan halus.,2. Untuk mempercepat malam lebih cepat menempel pada kain.,3. Untuk mengikat warna secara permanen dan tidak mudah pudar.,4. Untuk memastikan hasil pewarnaan tetap awet dan warna tahan lama.,,,
B.Indo - Bantul,"3. Jika seorang siswa ingin mempraktikkan langkah nomor 6, manakah pernyataan berikut yang menunjukkan kesesuaian antara daftar alat bahan dengan langkah-langkah yang harus ia siapkan?",A. Siswa dapat menggunakan canting dan wadah besar untuk mengalirkan air mendidih...,B. Siswa memerlukan panci besar untuk memanaskan malam...,C. Siswa membutuhkan panci besar untuk merebus air agar malam...,D. Siswa harus memastikan telah menyiapkan kompor dan wajan...,,,
B.Indo - Bantul,4. Informasi yang tepat berdasarkan teks berita 'Safari Gemarikan' tersebut adalah...,1. Program Safari digalakkan sebagai upaya mencegah stunting.,"2. Diselenggarakan Sabtu, 12 Desember 2025.",3. Masyarakat perlu konsumsi ikan sumber protein.,4. Pemerintah menyalurkan 500 paket bantuan...,,,
B.Indo - Bantul,"5. Apabila anak-anak rajin mengonsumsi ikan, maka hal yang akan terjadi adalah (Benar/Salah)",A. Penglihatan mata anak menjadi lebih tajam.,B. Kecerdasan dan daya tahan tubuh anak meningkat.,C. Pertumbuhan psikis anak meningkat signifikan.,,,,
B.Indo - Bantul,6. Penilaian yang tepat terhadap berita 'Safari Gemarikan' tersebut adalah...,A. Mengandung kalimat langsung untuk memperkuat informasi.,B. Memiliki relevansi kuat dengan isu stunting.,C. Menyebutkan pihak-pihak yang hadir sebagai bentuk dukungan.,D. Tidak menjelaskan alasan pemerintah menyelenggarakan kegiatan.,,,
B.Indo - Bantul,7. Bagan yang tepat sesuai pokok-pokok isi teks 'Pelari Kalcer' adalah...,A. Perubahan fenomena lari -> Dampak positif/negatif -> Aktivitas meningkat,B. Fenomena Pelari Kalcer -> Dampak positif/negatif -> Simbol transformasi,C. Fenomena Pelari Modern -> Dampak positif/negatif -> Kata kalcer berasal,D. Perubahan fenomena -> Dampak positif/negatif -> Aktivitas meningkat,,,
B.Indo - Bantul,8. Ide pokok paragraf pertama teks 'Pelari Kalcer' adalah...,A. pandangan olahraga lari bagi sebagian orang,B. fenomena pelari yang sedang menjamur di Indonesia,C. asal usul kata kalcer yang sering digunakan anak muda,D. perubahan citra olahraga lari dari adanya fenomena pelari kalcer,,,
B.Indo - Bantul,"9. Berdasarkan teks, manakah fenomena yang relevan menggambarkan kategori pelari kalcer?",1. Atlet lari profesional melakukan latihan fisik.,2. Bella bergabung ke komunitas lari memakai pakaian kekinian.,3. Andi membeli sepatu terbaru dan mengunggah foto ke media sosial.,4. Shafa rutin lari di dalam rumah tanpa pakaian khusus.,,,
B.Indo - Bantul,10. Pernyataan yang tepat mengenai latar tempat dan suasana pada puisi 'Gadis Peminta-minta' (Benar/Salah),A. Frasa bawah jembatan menunjukkan tempat tinggal.,B. Larik kotaku jadi hilang menggambarkan latar menyedihkan.,C. Larik melintas di atas air kotor menggambarkan latar sepi.,,,,
B.Indo - Bantul,11. Makna kias pada larik 'gadis kecil berkaleng kecil' adalah...,A. Anak perempuan yang gemar menabung.,B. Seorang anak perempuan yang hidup menjadi pengemis.,C. Anak perempuan yang mencari nafkah menjadi pengamen.,D. Gambaran anak yang rajin membantu orang tuanya bekerja.,,,
B.Indo - Bantul,12. Pendapat siapa yang tepat untuk menggambarkan rasa empati setelah membaca puisi?,1. Luna karena menunjukkan rasa emosional haru.,2. Luthfi karena mengungkapkan pendapat semangat bekerja.,3. Naufal karena sependapat dengan Luna dan prihatin.,4. Cinta karena mengungkapkan persetujuan atas Luthfi.,,,
B.Indo - Bantul,13. Kerangka cerita secara runtut sesuai isi teks 'Panggung untuk Sena' adalah...,A. Gugup -> Senar putus -> Fajar meminjamkan gitar -> Tampil memukau,B. Gugup -> Senar putus -> Enggan menerima pinjaman -> Tampil,C. Gugup -> Nama dipanggil -> Tampil percaya diri -> Memukau,D. Gugup -> Senar putus -> Bingung -> Pinjaman guru,,,
B.Indo - Bantul,14. Kemungkinan yang akan terjadi pada hubungan Sena dan Fajar setelah festival berakhir...,A. Sena dan Fajar akan mulai sering berlatih musik bersama.,B. Fajar akan meminta bayaran sewa gitar.,C. Sena dan Fajar menjadi musuh dan adu kehebatan.,D. Sena akan membeli gitar Fajar karena bagus.,,,
B.Indo - Bantul,15. Manakah peristiwa dalam cerita yang relevan dengan kehidupan sehari-hari? (Benar/Salah),A. Rasa gugup saat tampil adalah hal wajar.,B. Seharusnya Sena tidak mudah menerima bantuan musuh.,C. Tindakan Fajar menunjukkan sikap peduli diutamakan.,,,,
B.Indo - Bantul,16. Kata istilah bidang sejarah yang tepat berdasarkan teks 'Goa Selarong' adalah...,1. perang,2. kolonial,3. gerilya,4. bangsa,,,
B.Indo - Bantul,17. Pernyataan yang sesuai dengan kondisi Goa Selarong saat ini adalah (Benar/Salah),1. Menjadi salah satu markas Diponegoro.,2. Dilengkapi fasilitas area parkir dan warung makan.,3. Sering dikunjungi pelajar untuk belajar di luar kelas.,,,,
B.Indo - Bantul,18. Pola pengembangan paragraf kedua teks 'Goa Selarong' adalah....,A. urutan waktu,B. sebab akibat,C. urutan ruang,D. perbandingan,,,
B.Indo - Bantul,"19. Berdasarkan teks 'Jam Koma', kondisi kelelahan dan menurunnya konsentrasi menunjuk pada....",A. penurunan prestasi akademik,B. dampak penggunaan gawai,C. peristiwa ngantuk di kelas,D. fenomena jam koma,,,
B.Indo - Bantul,20. Penyebab terjadinya fenomena Jam Koma pada pelajar adalah...,1. Siswa menunjukkan perilaku mengantuk di kelas.,2. Guru selalu menggunakan metode bervariasi.,3. Jadwal sangat padat tanpa jeda istirahat cukup.,4. Penggunaan gawai hingga larut malam.,,,
B.Indo - Bantul,21. Relevansi isi teks Jam Koma dengan kehidupan sehari-hari (Benar/Salah),1. Mengatur waktu tidur membantu fokus.,2. Hanya disebabkan jadwal siang hari.,3. Metode bervariasi membuat semangat.,,,,
B.Indo - Bantul,22. Penggunaan istilah bidang kesehatan yang tidak tepat dalam teks 'Gaya Hidup Sehat' adalah....,A. Kata nutrisi pada paragraf 2.,B. Kata imunitas pada paragraf 2.,C. Kata metabolisme pada paragraf 3.,D. Kata biologis pada paragraf 5.,,,
B.Indo - Bantul,23. Gagasan yang mendukung bahwa nutrisi sangat penting bagi tubuh remaja adalah....,A. Gaya hidup sehat saling berkaitan.,B. Makanan bergizi berfungsi penyokong energi dan pelindung.,C. Remaja disarankan membatasi makanan cepat saji.,D. Ikan dan telur sumber protein mudah ditemukan.,,,
B.Indo - Bantul,24. Mengapa judul dalam teks tersebut sudah sesuai dengan isi teks?,"A. Merangkum berbagai pilar kesehatan fisik, istirahat, mental.",B. Memaparkan rincian jenis makanan bergizi.,C. Menekankan dampak negatif di masa depan.,D. Menyajikan solusi praktis mengatasi gangguan konsentrasi.,,,
B.Indo - Bantul,25. Fakta dalam teks 'Ulasan Konser NDX' adalah...,1. Konser berlangsung di Stadion Mandala Krida.,2. Penampilan NDX dinilai sangat energik.,3. Lagu yang dibawakan Nemen dan Sayang.,4. Konser memberikan kesan positif layak diapresiasi.,,,
B.Indo - Bantul,26. Simpulan yang paling tepat mengenai jalannya acara tersebut adalah...,A. Hanya dinikmati warga Yogyakarta.,B. Penampilan kurang maksimal karena interaksi kurang.,"C. Walau padat di depan, secara keseluruhan berkesan positif.",D. Konser dianggap gagal karena ribuan penonton tidak puas.,,,
B.Indo - Bantul,27. Penggunaan konjungsi yang tidak tepat pada paragraf keempat adalah....,A. namun,B. sehingga,C. karena,D. dan,,,
B.Indo - Bantul,28. Kalimat yang menunjukkan latar waktu dalam teks 'Chronos' (Benar/Salah),1. Cahaya temaram menyelinap di antara sela-sela jendela...,"2. Saat itu, gunung dapat runtuh dalam sehari...","3. Dengan keberanian dan keikhlasan, Arka...",,,,
B.Indo - Bantul,29. Nilai-nilai yang dapat dipelajari dari tokoh Arka adalah....,1. Kesadaran tanggung jawab memulihkan keseimbangan.,2. Keinginan mengumpulkan benda antik.,3. Pentingnya keberanian dan ketulusan hati menolong.,4. Keharusan memiliki kekuatan fisik besar.,,,
B.Indo - Bantul,30. Pengaruh penggunaan benda jam kecil terhadap kekuatan alur cerita (Benar/Salah),1. Memperlemah alur karena membingungkan.,2. Bukti fisik memperkuat resolusi dampak nyata.,3. Simbol yang memperkuat tema penutup mendalam.,,,,
B.Indo - Kulonprogo,1. Makna kata antioksidan pada paragraf keempat kalimat ketiga adalah,A. Zat aditif untuk mencegah oksidasi...,B. Zat dari luar tubuh seperti asap rokok...,C. Senyawa dari dalam tubuh sisa metabolisme...,D. Sifat senyawa yang mampu melindungi sel dari radikal bebas...,,,
B.Indo - Kulonprogo,2. Fakta atau opini untuk pernyataan (Fakta/Opini),A. Telur rebus mengandung protein lengkap...,B. Menurut Journal of Clinical Nutrition...,C. Kombinasi protein dan lemak membantu...,,,,
B.Indo - Kulonprogo,3. Kesimpulan dari teks tersebut adalah...,A. Mengonsumsi telur rebus sangat penting...,B. Membiasakan makan telur rebus dapat mengelola energi.,C. Telur membantu menjaga daya tahan tubuh...,D. Telur rebus praktis dan mendukung kesehatan tubuh...,,,
B.Indo - Kulonprogo,4. Bagan yang sesuai teks Lumba-lumba adalah...,A. Kecerdasan -> Sosial -> Komunikasi -> Kecepatan -> Kepopuleran,B. Kecerdasan -> Sosial -> Komunikasi -> Keahlian -> Pelestarian,C. Keterkenalan -> Sosial -> Komunikasi -> Keahlian -> Kepopuleran,D. Kecerdasan -> Sosial -> Suara -> Tarik -> Pelestarian,,,
B.Indo - Kulonprogo,5. Gagasan pendukung paragraf pertama adalah...,A. Kecerdasan lumba-lumba yang luar biasa.,B. Lumba-lumba memiliki otak yang sangat cerdas.,C. Mereka memiliki kemampuan untuk memahami perintah.,D. Lumba-lumba sangat terkenal untuk atraksi.,,,
B.Indo - Kulonprogo,6. Pernyataan yang sesuai dengan teks tersebut adalah...,1. Taman hiburan memanfaatkan atraksi lumba-lumba.,2. Kemampuan memahami saat ada pelatihnya.,3. Interaksi sosial dengan gerakan sinkron menakjubkan.,4. Bahasa kompleks menyulitkan pemahaman satu sama lain.,,,
B.Indo - Kulonprogo,7. Komentar yang sesuai dengan kutipan teks adab adalah...,"A. Ilmu di tangan orang tidak beretika berbahaya, solusinya nomorsatukan ilmu.",B. Tanpa adab proses transfer ilmu tidak efektif/harmonis.,"C. Adab diperoleh lewat studi, ilmu lewat pelatihan.",D. Ilmu tinggi minim adab pasti disalahgunakan merusak.,,,
B.Indo - Kulonprogo,8. Karakter tokoh aku yang pantang menyerah dan bersyukur disampaikan melalui...,A. kebiasaan tokoh,B. dialog antartokoh,C. sikap dan perbuatan tokoh,D. diceritakan langsung oleh pengarang,,,
B.Indo - Kulonprogo,9. Nilai kehidupan yang terdapat dalam kutipan cerpen tersebut bernomor...,A. (1) dan (3),B. (1) dan (4),C. (2) dan (3),D. (2) dan (4),,,
B.Indo - Kulonprogo,10. Objek atau latar yang paling mungkin dalam kutipan cerpen adalah...,A. di sungai,B. di kampung,C. di pegunungan,D. di tepi sungai,,,
B.Indo - Kulonprogo,11. Akibat konflik yang dialami tokoh Mia adalah...,A. Terbiasa dengan pertengkaran.,B. Menyadari bakat musiknya sebagai sumber kekuatan.,C. Memilih menjauh dari orang tuanya.,D. Merasa konflik wajar dan tidak perlu diselesaikan.,,,
B.Indo - Kulonprogo,12. Struktur kutipan cerita pendek tersebut (Benar/Salah),A. Paragraf pertama merupakan orientasi.,"B. Paragraf 2,3,4 merupakan komplikasi.",C. Paragraf terakhir merupakan resolusi.,,,,
B.Indo - Kulonprogo,13. Kutipan cerita pendek tersebut menggunakan sudut pandang...,A. orang pertama pelaku utama,B. orang pertama pelaku sampingan,C. orang ketiga sebagai pengamat,D. orang ketiga serba tahu,,,
B.Indo - Kulonprogo,14. Urutan prosedur mengirim email yang tepat adalah...,"A. (3), (2), (1), (5), (6), (4)","B. (3), (5), (2), (1), (6), (4)","C. (3), (1), (2), (5), (6), (4)","D. (3), (6), (2), (5), (1), (4)",,,
B.Indo - Kulonprogo,15. Hubungan logis antarparagraf dalam teks berita KRI Prabu Siliwangi adalah...,"A. Paragraf 1 umum, paragraf 2 spesifik.","B. Paragraf 1 kesimpulan, 2 pendapat pribadi.","C. Paragraf 4 sebab, 5 akibat.","D. Paragraf 4 akibat, 5 sebab.",,,
B.Indo - Kulonprogo,16. Konjungsi kronologis pada paragraf 7 sampai 9 adalah...,1. sejak,2. setelah,3. kemudian,4. serta,,,
B.Indo - Kulonprogo,17. Unsur berita kutipan teks tersebut (Sesuai/Tidak),A. Paragraf ke-1 memuat unsur apa dan bagaimana.,"B. Paragraf ke-2 memuat unsur apa, siapa, dan kapan.","C. Paragraf ke-3 memuat unsur apa, di mana, kapan, bagaimana.",,,,
B.Indo - Kulonprogo,18. Larik 'Cahaya hidup-Malaikat pelindung' menggambarkan ibu sebagai sosok yang...,A. memberikan ketenangan dan rasa aman.,B. memiliki kekuatan mengatur anak.,C. mengharapkan balasan pengorbanan.,D. berperan pusat perhatian keluarga.,,,
B.Indo - Kulonprogo,19. Tema puisi 'Ibu' tersebut adalah...,A. penyesalan seorang anak.,B. perjuangan hidup ibu yang hebat.,C. rasa sayang dan rasa terima kasih kepada ibu.,D. kesedihan hati ibu.,,,
B.Indo - Kulonprogo,20. Amanat penyair (Sesuai/Tidak Sesuai),A. Anak menuruti semua keinginan ibu.,B. Anak menghargai dan berterima kasih pengorbanan ibu.,C. Anak menyayangi dan menghormati ibu.,,,,
B.Indo - Kulonprogo,21. Abrasi di pantai diprediksi menyebabkan...,1. Nelayan sulit menjangkau pantai.,2. Kehilangan lahan pekarangan/tambak.,3. Bangunan/akses jalan nelayan rusak.,4. Kehilangan mata pencaharian.,,,
B.Indo - Kulonprogo,22. Relevansi peristiwa abrasi dengan kehidupan sehari-hari adalah...,A. Pencegahan mustahil.,B. Hanya merusak pasir tidak bangunan.,C. Dampak besar tanpa upaya sesuai yang dirasakan.,D. Informasi pencegahan penting bagi masyarakat pesisir.,,,
B.Indo - Kulonprogo,23. Penggunaan kata depan pada teks abrasi (Tepat/Tidak),A. Penggunaan 'di' pada kalimat 1 tepat.,B. Penulisan 'di daerah' dipisah karena kata depan.,C. Kata oleh tidak tepat seharusnya dari.,,,,
B.Indo - Kulonprogo,24. Makna ungkapan 'bagai pelita membakar diri' adalah...,A. pantang menyerah demi kebenaran,B. ikhlas menerangi orang membutuhkan,C. berjuang mendapatkan kebaikan,D. rela berkorban demi kebaikan orang lain,,,
B.Indo - Kulonprogo,25. Relevansi cerita Luna dan Stroberi dengan kehidupan sehari-hari...,A. Membuat stroberi warna pelangi era digital.,B. Menularkan keterampilan pewarnaan stroberi.,C. Keikhlasan berbagi rezeki patut diterapkan.,D. Rela tidak dapat penghasilan ciri masyarakat saat ini.,,,
B.Indo - Kulonprogo,26. Penilaian teks ulasan film (Tepat/Tidak),A. Data identitas cukup tapi tidak ada info jenis film.,B. Tidak terdapat penjelasan masalah tokoh.,C. Tidak dijelaskan kelemahannya kurang objektif.,,,,
B.Indo - Kulonprogo,27. Penilaian kalimat: Penggunaan berbagai kata-kata yang tepat dan kostum...,A. Kata 'Penggunaan' diganti 'Menggunakan'.,B. Kata 'berbagai' tidak efektif dihilangkan.,C. Kata 'dan' diganti 'atau'.,D. Kata 'bagus' diganti 'mahal'.,,,
B.Indo - Kulonprogo,28. Penilaian teks prosedur Keripik Pisang...,1. Lengkap tapi tak ada langkah kerja.,"2. Pembuka 2 paragraf, penutup tidak ada.","3. Bahan dijelaskan, alat tidak.",4. Bahan lengkap tapi tidak disertai ukuran.,,,
B.Indo - Kulonprogo,29. Tanggapan yang tepat terhadap teks prosedur (Tepat/Tidak),A. Perlu penjelasan cara membuat aneka rasa sesuai judul.,B. Akan menghasilkan keripik rasa asin saja (bumbu garam).,C. Langkah tidak jelas dan tidak imperatif.,,,,
B.Indo - Kulonprogo,30. Tindak lanjut pembaca setelah membaca teks tersebut adalah...,A. membuat jumlah besar tanpa batas,B. mencoba mempraktikkan langkah-langkah,C. membuat usaha omset langsung besar,D. mewawancarai penjual keripik,,,
B.Indo - Kota Yogyakarta,1. Kosakata yang tepat menggambarkan letak Museum Sonobudoyo?,1. Dekat Titik Nol Kilometer.,2. Dalam kawasan Malioboro.,3. Barat laut Alun-Alun Utara.,4. Seberang Keraton Yogyakarta.,,,
B.Indo - Kota Yogyakarta,2. Bagan yang tepat menggambarkan informasi penting dalam teks Museum Sonobudoyo?,A. Arsitektur bergaya Bali...,B. Arsitektur bergaya Madura...,"C. Arsitektur bergaya Jawa, 40.000 koleksi tematik, wayang kulit...",D. Arsitektur bergaya Arab...,,,
B.Indo - Kota Yogyakarta,3. Mengapa Museum Sonobudoyo dijuluki Permata Budaya?,A. Keberagaman koleksi perkembangan Jawa.,B. Letak strategis jantung kota.,C. Merepresentasikan seni dan jati diri masyarakat Jawa.,D. Latar sejarah menciptakan magis khas.,,,
B.Indo - Kota Yogyakarta,4. Pendapat tentang gaya bahasa pada teks (Benar/Salah),A. Ninik lugas sederhana.,B. Pinta majas personifikasi.,C. Bram ungkapan permata budaya kata kias.,,,,
B.Indo - Kota Yogyakarta,5. Bahan yang digunakan untuk mencangkok berdasarkan teks adalah...,"A. batang mangga, tanah gembur, pupuk, sabut kelapa","B. bibit mangga, campuran tanah, pupuk, air","C. campuran tanah gembur, pupuk, plastik bening","D. batang sehat, air, pupuk, pisau, polybag",,,
B.Indo - Kota Yogyakarta,6. Tujuan media cangkokan tidak boleh terpapar sinar matahari?,A. Batang tetap kesat.,B. Akar cepat tumbuh.,C. Media tetap lembap.,D. Terbebas dari hama.,,,
B.Indo - Kota Yogyakarta,7. Mengapa prosedur mudah diikuti Dina? (Benar/Salah),A. Tahapan disusun secara urut.,B. Bahan disertai ukuran yang rinci.,C. Alat dan bahan dijelaskan terpisah.,,,,
B.Indo - Kota Yogyakarta,8. Upaya apa yang dapat dilakukan untuk memperkuat ketahanan pangan?,A. Mendorong produksi sumber daya alam.,B. Meningkatkan pengetahuan generasi muda di bidang pangan.,C. Menguatkan kemampuan membaca menulis.,D. Mengasah kemampuan berpikir kritis.,,,
B.Indo - Kota Yogyakarta,9. Bagan yang paling sesuai teks berita Sekolah Garuda...,"A. Keseimbangan akses, Pembangunan 20 baru 80 transformasi...","B. Kemdiktisaintek, Program Nomor 4...","C. Program mewujudkan keseimbangan, Kemdiktisaintek...","D. Program Cepat No 4, Pembangunan 20 baru 80 transformasi...",,,
B.Indo - Kota Yogyakarta,10. Perbedaan informasi pada kedua teks tentang program pemerintah...,1. tujuan program,2. tahun peristiwa,3. manfaat program,4. pihak penyelenggara,,,
B.Indo - Kota Yogyakarta,11. Kaidah kebahasaan kedua teks (Sesuai/Tidak),A. Keterangan waktu.,B. Kalimat langsung menambah keakuratan.,C. Kata teknis bidang literasi.,,,,
B.Indo - Kota Yogyakarta,12. Makna kata omzet dalam teks Rojali Rohana...,1. total pendapatan penjualan produk,2. jumlah modal penjualan,3. total keuntungan belanja,4. jumlah uang hasil penjualan,,,
B.Indo - Kota Yogyakarta,13. Mengapa masyarakat mengalami perubahan pola konsumsi pascapandemi?,A. Enggan membeli langsung fasilitas kurang.,B. Perbedaan harga besar belanja daring vs langsung.,C. Harga bahan pokok terus meningkat enggan belanja.,D. Inflasi harga memaksa membeli daring.,,,
B.Indo - Kota Yogyakarta,14. Teks disajikan runtut (Benar/Salah),A. Diawali penjelasan umum fenomena.,B. Faktor penyebab dijelaskan kronologi.,C. Akhir berisi riset solusi fenomena.,,,,
B.Indo - Kota Yogyakarta,15. Pernyataan mendukung usaha kopi keliling sedang tren...,A. Peluang usaha anak muda modal kecil.,B. Konsep penjual racikan di kedai.,C. Keterbatasan tempat duduk tantangan.,D. Dampak budaya nongkrong lupa waktu.,,,
B.Indo - Kota Yogyakarta,16. Daftar kata menggambarkan laundry self service...,"A. Mencuci pakaian, higienis, bantuan pegawai.","B. Cuci otomatis, bantuan karyawan, lapangan kerja.","C. Lapangan kerja, praktis, gaya hidup.","D. Inovasi populer, cuci otomatis, layanan mandiri.",,,
B.Indo - Kota Yogyakarta,17. Kelebihan laundry self service...,1. Meminimalisasi kebutuhan tenaga.,2. Membuka peluang teknisi.,3. Mengurangi kesalahan pengoperasian.,4. Kenyamanan pelanggan bersantai saat mencuci.,,,
B.Indo - Kota Yogyakarta,18. Teks 1 lebih akurat dari Teks 2 (Benar/Salah),A. Penilaian pribadi penulis disertai data.,B. Banyak memuat asumsi membujuk pembaca.,C. Relevan untuk semua usia.,,,,
B.Indo - Kota Yogyakarta,19. Kosakata menggambarkan latar suasana khusyuk...,1. bait 1 larik 3,2. bait 2 larik 2,3. bait 7 larik 1,4. bait 8 larik 3,,,
B.Indo - Kota Yogyakarta,20. Hal yang dapat dipelajari dari puisi 'Doa'...,A. Semangat menjalani takdir!,B. Percayalah pada Tuhan!,C. Berdoalah agar tidak tersesat!,D. Dekatkanlah diri pada Tuhan!,,,
B.Indo - Kota Yogyakarta,21. Makna kias 'tinggal kerdip lilin di kelam sunyi'...,A. Keimanan tinggal sedikit di hati.,B. Kegelapan yang membuat takut.,C. Keputusasaan karena masa lalu.,D. Kehancuran membuat kehilangan semangat.,,,
B.Indo - Kota Yogyakarta,22. Pendapat menggambarkan penyerahan hamba kepada Tuhan (Sesuai/Tidak),A. Helmi memotivasi berbuat kebaikan.,B. Abram menyesal perbuatan.,C. Rida kepasrahan diri pada Tuhan.,,,,
B.Indo - Kota Yogyakarta,23. Hans akhirnya memilih bersekolah di SMK karena...,A. merasa kasihan kepada Ibunya,B. terpaksa memenuhi keinginan Bapak,C. mendapat beasiswa dari perguruan tinggi,D. ingin membuat bengkel Bapak berkembang,,,
B.Indo - Kota Yogyakarta,24. Bagan tepat peristiwa penting dalam cerita Hans...,A. Hans ingin SMA -> Ibu tidak setuju -> Nasihat SMK -> SMK & berhasil,B. Hans ingin SMA -> Ibu menasihati -> Ibu ketidaksetujuan Bapak -> Terpaksa SMK,C. Hans ingin SMA -> Nasihat SMK -> Ibu ketidaksetujuan Bapak -> Terpaksa SMK,D. Hans ingin SMA -> Nasihat SMK -> Ibu ketidaksetujuan -> SMK & berhasil,,,
B.Indo - Kota Yogyakarta,25. Perubahan sikap Hans setelah masuk SMK...,1. Gigih mencari beasiswa.,2. Cinta dengan bidang pekerjaan.,3. Tekun mempelajari otomotif.,4. Semangat melanjutkan perguruan tinggi.,,,
B.Indo - Kota Yogyakarta,26. Respons pembaca setelah Hans tidak dapat melanjutkan SMA (Sesuai/Tidak),A. Sedih tidak mewujudkan keinginan.,B. Kecewa tidak bisa menjadi montir.,C. Kasihan harus menuruti ayah.,,,,
B.Indo - Kota Yogyakarta,27. Apa yang dilakukan Danu ketika melawan Bayangan Kegelapan?,A. Memanggil hewan-hewan hutan.,B. Menciptakan jalur sinar di langit.,C. Menembakkan panah cahaya.,D. Membaca mantra pengunci.,,,
B.Indo - Kota Yogyakarta,28. Kondisi Negeri Arunika jika akhir pertarungan tidak bersatu?,A. Menjadi sunyi tanpa warna.,B. Bayangan Kegelapan menguasai langit.,C. Kristal cahaya retak.,D. Cahaya tetap bersinar tanpa kekuatan.,,,
B.Indo - Kota Yogyakarta,29. Penggunaan kata 'jantung kehidupan' untuk kristal cahaya bertujuan...,1. Menguatkan peran kristal penopang kehidupan.,2. Pusat keberlangsungan kesejahteraan.,3. Hubungan emosional memberi harapan.,4. Lambang kebanggaan identitas.,,,
B.Indo - Kota Yogyakarta,30. Contoh kejadian sehari-hari serupa aksi Penjaga Bintang (Benar/Salah),A. Redy mengajak kerja sama tugas.,B. Rafi mengerjakan tugas teman semua.,C. Septi dan teman saling mendukung lomba.,,,,
Matematika - Bantul,"1. Diberikan beberapa bilangan pecahan: 1,65 ; 7/5 ; 175% ; 1 3/5. Urutan terkecil ke terbesar adalah","A. 1 3/5 ; 1,65 ; 7/5 ; 175%","B. 7/5 ; 1 3/5 ; 1,65 ; 175%","C. 7/5 ; 1 3/5 ; 1,65 ; 175%","D. 7/5 ; 1 3/5 ; 175% ; 1,65",,,
Matematika - Bantul,"2. Olimpiade Skor: Benar(5), Salah(-2), Kosong(0). Candra 41B 3K; Zakki 39B 6K; Aan 42B 2K; Salwa 40B 4K. Pernyataan benar...",1. Aan skor 198,2. Candra lebih tinggi dari Aan,3. Selisih Candra Salwa 6,4. Zakki di bawah Salwa,,,
Matematika - Bantul,"3. Harga baju diskon: Toko Salwa 50%, Jenna 40%+10%, Alif 30%+20% dari Rp120.000 (Benar/Salah)",A. Jenna = Rp64.800,B. Salwa = Rp50.000,C. Alif paling mahal,,,,
Matematika - Bantul,"4. Segitiga ABC keliling akar(512). AB=4akar(2), AC=akar(50). Panjang BC adalah...",A. 6 akar 2,B. 7 akar 2,C. 8 akar 2,D. 9 akar 2,,,
Matematika - Bantul,"5. Taksiran pesanan barang seminggu dalam ribuan: 67210, 56910, 25315, 15860, 67456, 23678, 32506",A. 286.000,B. 288.000,C. 289.000,D. 290.000,,,
Matematika - Bantul,"6. 3 bilangan: 48, 60, 72. Pernyataan benar...",1. Faktorisasi 60 = 2^2 x 3 x 5,2. Faktorisasi 72 = 2^2 x 3,3. Faktor persekutuan = 2 x 3,4. FPB = 2^2 x 3,,,
Matematika - Bantul,"7. Jarak 60km. Waktu 06.00-07.30. Jika dipercepat 30 menit, kecepatan adalah...",A. 120 km/jam,B. 90 km/jam,C. 60 km/jam,D. 45 km/jam,,,
Matematika - Bantul,8. Berdasarkan denah rumah skala 1:100...,1. Keliling kamar tidur 1 pada gambar 15cm,2. Luas kamar 2 sebenarnya 14 m^2,3. Keliling teras depan 12cm,"4. Luas teras samping 4,5 m^2",,,
Matematika - Bantul,9. 5 orang + Pak Bimo (total 6) selesai 90 hari. Agar selesai 60 hari butuh tambahan pekerja...,A. 3 orang,B. 4 orang,C. 6 orang,D. 9 orang,,,
Matematika - Bantul,10. Pola segitiga... Pernyataan benar...,1. Segitiga merah pola ke-8 adalah 36,2. Segitiga putih pola ke-8 adalah 30,3. Jumlah pola ke-8 adalah 81,4. Selisih pola ke-8 adalah 8,,,
Matematika - Bantul,"11. Barisan aritmetika, U5=6, U11=24. (Benar/Salah)",A. Beda adalah 3,B. U32 adalah 88,C. Selisih U32 dan U11 adalah 63,,,,
Matematika - Bantul,"12. Baris kursi: 14, 16, 18,... ada 25 baris. Jumlah seluruh kursi...",A. 62 kursi,B. 475 kursi,C. 950 kursi,D. 1900 kursi,,,
Matematika - Bantul,13. Diketahui 3(2x-5) = 1/2 (x+3). Nilai 6x-1 adalah...,A. 3,B. 11,C. 17,D. 19,,,
Matematika - Bantul,"14. Kapasitas 8 kuintal. Kardus A(30kg), B(25kg). Sopir(85kg). Sudah isi 15 kardus A. Maks kardus B...",A. 9 kardus,B. 10 kardus,C. 11 kardus,D. 12 kardus,,,
Matematika - Bantul,15. 3kg salak + 5kg jeruk = 130.000. 4kg salak + 3kg jeruk = 100.000. Pernyataan...,1. Salak 12.000,2. Jeruk 20.000,3. 2kg salak + 2kg jeruk = 64.000,4. Harga jeruk dua kali harga salak,,,
Matematika - Bantul,16. Luas sawah Pak Adams (3a-b) dan (5a+3b)...,A. 15a^2 - 3b^2 + 4ab,B. 15a^2 + 3b^2 - 4ab,C. 15a^2 - 3b^2 - 4ab,D. 15a^2 + 3b^2 + 4ab,,,
Matematika - Bantul,"17. Fungsi linear f(x)=ax+b, f(-3)=-18, f(2)=7. Pernyataan...",1. a = 5,2. b = 3,3. f(x) = 5x - 3,4. f(6) = 27,,,
Matematika - Bantul,"18. Gambar sudut x=60, y+65 dll. Pernyataan...",1. x = 55,2. y = 125,3. Penyiku x = 30,4. x+y = 180,,,
Matematika - Bantul,"19. Posisi sepeda Syafiq, Nathan, Akhtar...",1. Syafiq - Nathan 1200m,2. Syafiq - Akhtar 3900m,3. Nathan - Akhtar 2700m,4. Nathan hampiri Syafiq = 2100m,,,
Matematika - Bantul,20. Segitiga ABC kongruen XYZ (Benar/Salah),A. Sudut XYZ = ACB,B. Sudut ABC = XZY,C. Panjang AC = XZ,,,,
Matematika - Bantul,21. Lukisan dan bingkai sebangun. Lebar sisa atas kiri kanan 6cm. (Benar/Salah),A. Bawah 6cm,B. Keliling 224cm,C. Luas bingkai 2940 cm^2,,,,
Matematika - Bantul,22. Bangun kubus yang dibentuk dari jaring-jaring di atas...,A. Gambar A,B. Gambar B,C. Gambar C,D. Gambar D,,,
Matematika - Bantul,23. Segitiga ABC rotasi 90 berlawanan jarum jam (Benar/Salah),"A. A'(-2,-1)","B. B'(-4,1)","C. C'(-2,-3)",,,,
Matematika - Bantul,"24. AD=28, EF=CE=16. Keliling ABCDEF...",A. 82 cm,B. 80 cm,C. 78 cm,D. 72 cm,,,
Matematika - Bantul,25. Lahan luas di luar 2 buah setengah lingkaran.,A. 119 m^2,B. 154 m^2,C. 196 m^2,D. 273 m^2,,,
Matematika - Bantul,26. Adonan tabung besar r=28 t=40 ke cetakan kecil r=7 t=5. Banyak cetakan...,A. 192 buah,B. 128 buah,C. 108 buah,D. 96 buah,,,
Matematika - Bantul,"27. Volume bangun prisma/balok gabungan (24, 12, 10)...",A. 1200 cm^3,B. 1500 cm^3,C. 1600 cm^3,D. 1800 cm^3,,,
Matematika - Bantul,28. Rata-rata 32 siswa = 75. Laki 24. Selisih rata 4 (Benar/Salah),A. Laki 73,B. Perempuan 78,C. Jumlah nilai perempuan 624,,,,
Matematika - Bantul,29. Peluang dadu faktor dari 4...,A. 2/3,B. 1/2,C. 1/3,D. 1/6,,,
Matematika - Bantul,30. Infografis TKA (Benar/Salah),A. Median = 37,B. Rata-rata = 41,C. Jangkauan = 29,,,,
Matematika - Kulonprogo,"1. Liga sepakbola: Menang 3, Seri 1, Kalah 0. P(11,1,3), Q(9,5,1), R(10,1,4)",A. Point tertinggi P,B. Jumlah tertinggi dan terendah 66,C. Point terendah Q,,,,
Matematika - Kulonprogo,2. Hasil (-10) + 8 x 5 - 18 : (-3) adalah,A. -54,B. -4,C. 24,D. 36,,,
Matematika - Kulonprogo,3. 7 kg gula dibagi 3/4 kg. Sisa gula adalah,A. 1/8 kg,B. 1/4 kg,C. 1/2 kg,D. 3/4 kg,,,
Matematika - Kulonprogo,"4. KPK dari 6, 4, 8 hari, mulai 28 Januari.",A. 19 Februari,B. 20 Februari,C. 21 Februari,D. 22 Februari,,,
Matematika - Kulonprogo,5. Luas kamar tidur C sebenarnya (skala 1:100)...,"A. 6,25 m^2","B. 7,5 m^2",C. 9 m^2,"D. 10,5 m^2",,,
Matematika - Kulonprogo,"6. Pengamatan cabai: A 9cm/3minggu, B 12cm/4minggu...",A. A lebih cepat,B. B lebih cepat,C. Laju sama,D. Tidak cukup data,,,
Matematika - Kulonprogo,"7. 100 ekor -> 12kg. Tambah 25 ekor, butuh pakan...",A. 14 kg,B. 15 kg,C. 18 kg,D. 20 kg,,,
Matematika - Kulonprogo,"8. Grafik kecepatan, waktu 2,5 jam, kecepatan adalah...",A. 46 km/jam,B. 48 km/jam,C. 50 km/jam,D. 52 km/jam,,,
Matematika - Kulonprogo,"9. Persegi panjang, p, 2x-1. Keliling 14x-6. p = ...",A. 5x+1,B. 5x-2,C. 9x+4,D. 9x-2,,,
Matematika - Kulonprogo,10. Kebun 3x+5 dan x. Keliling <= 58...,"1. x = 1,2,3,4,5",2. Lebar > 6m,3. Panjang <= 23m,4. Luas <= 138 m^2,,,
Matematika - Kulonprogo,"11. Nota ATK A, B, C (Benar/Salah)",A. Harga C 15.000,B. Harga B dua kali C,C. Kembalian 35.000 (lima puluhan),,,,
Matematika - Kulonprogo,"12. A = x-5, B = 2x+3. Nilai A x B = ...",A. 2x^2 - 7x - 15,B. 3x^2 - 15x - 15,C. 2x^2 - 13x - 15,D. 2x^2 - 7x - 7,,,
Matematika - Kulonprogo,"13. f(x)=ax+b, f(2)=2, f(-3)=-8, nilai f(0)...",A. -2,B. 0,C. -4,D. -8,,,
Matematika - Kulonprogo,14. Amoeba membelah jadi dua per 10 menit. 6 ekor setelah setengah jam...,A. 16,B. 32,C. 64,D. 128,,,
Matematika - Kulonprogo,15. Pola lingkaran (Merah/Biru)...,1. Merah pola 8 = 36,2. Biru pola 8 = 10,3. Selisih pola 9 = 35,4. Jumlah pola 9 = 52,,,
Matematika - Kulonprogo,"16. Sudut x, y, z (Benar/Salah)",A. Nilai x 50,B. Nilai y 120,C. Selisih x dan z 20,,,,
Matematika - Kulonprogo,"17. Kapal barat 90, utara 40, barat 30, utara 50. Jarak terdekat...",A. 150 km,B. 170 km,C. 210 km,D. 250 km,,,
Matematika - Kulonprogo,18. Sebangun trapesium ABCD EFGH...,1. GH=10,2. DH=5,3. DH:DG = 1:2,4. DG=15,,,
Matematika - Kulonprogo,19. Prisma segi enam (Benar/Salah),A. Lima bidang kongruen,B. Dua segi enam berhadapan,C. Enam persegi panjang,,,,
Matematika - Kulonprogo,20. Transformasi titik A...,"1. A'(-1,6) translasi","2. Refleksi x=-1 jadi A'(0,1)","3. Rotasi 90 jadi (-1,-2)","4. Translasi (2,-3) jadi (0,3)",,,
Matematika - Kulonprogo,21. Keliling kebun paman...,A. 82 m,B. 94 m,C. 100 m,D. 104 m,,,
Matematika - Kulonprogo,22. Luas kolam renang Kenzi...,A. 72 cm^2,"B. 115,5 cm^2","C. 199,5 cm^2",D. 189 cm^2,,,
Matematika - Kulonprogo,23. Volume limas T.ABCD dalam kubus 6x...,A. 6x^3,B. 24x^3,C. 30x^3,D. 36x^3,,,
Matematika - Kulonprogo,24. Volume ruang kosong antara 3 bola dalam tabung...,A. 10/3 pi r^3,B. 3/2 pi r^3,C. 5 pi r^3,D. 7 pi r^3,,,
Matematika - Kulonprogo,25. Data mudik Nataru...,A. Bali paling ramai,B. Yogya ketiga,C. Jateng > 2x Yogya,D. NTT + Lampung > Jakarta,,,
Matematika - Kulonprogo,26. Data panen produksi padi...,1. Sep diprediksi naik,2. Tertinggi Maret-April,"3. Juli naik 0,79","4. Oktober turun 0,27",,,
Matematika - Kulonprogo,27. Tabel nilai frekuensi (Benar/Salah),A. Modus 7,B. Di atas rata-rata 9 siswa,C. Di bawah rata-rata 6 siswa,,,,
Matematika - Kulonprogo,28. Rata-rata 20 = 60. Tambah rata 70 jadi 62. Banyak tambahan...,A. 2,B. 4,C. 5,D. 6,,,
Matematika - Kulonprogo,"29. Peluang kecelakaan 0,02. Dari 200 sopir...",A. 4,B. 6,C. 8,D. 10,,,
Matematika - Kulonprogo,"30. Dua dadu, peluang berjumlah 4...",A. 1/12,B. 1/18,C. 1/9,D. 5/36,,,
Matematika - Kota Yogyakarta,"1. Skor: Benar(4), Salah(-1), Kosong(0). 38 jawab, 33 benar. Skor...",A. 127,B. 132,C. 137,D. 152,,A,
Matematika - Kota Yogyakarta,"2. Cupcake resep (6 porsi): Terigu 0,75, Gula 1/2, Mentega 125. Punya: 4kg, 2,5kg, 1,5kg. Porsi dibuat...",A. 24 porsi,B. 27 porsi,C. 30 porsi,D. 48 porsi,,C,
Matematika - Kota Yogyakarta,"3. 45 botol jeruk, 72 stroberi. Maksimal rak FPB...",A. 7 rak,B. 9 rak,C. 14 rak,D. 21 rak,,B,
Matematika - Kota Yogyakarta,"4. Dinding 4,6 x 2,8. Cat cover 7 1/5. Kaleng cat...",A. 1 kaleng,B. 2 kaleng,C. 3 kaleng,D. 4 kaleng,,B,
Matematika - Kota Yogyakarta,5. Denah rumah...,"1. Keliling halaman 28,5m","2. Keliling garasi 13,5cm","3. Luas kamar 1: 16,25m2","4. Luas kamar 2: 18,56cm2",,"1,4",
Matematika - Kota Yogyakarta,"6. 10 pekerja 18 hari. Ingin 12 hari, tambahan pekerja...",A. 15 orang,B. 12 orang,C. 8 orang,D. 5 orang,,D,
Matematika - Kota Yogyakarta,"7. 5 hari x 5 donor x 0,5 liter. 7,5x10^8 per ml. Total sel darah...","A. 3,75x10^11","B. 4,875x10^11","C. 5,125x10^12","D. 9,375x10^12",,D,
Matematika - Kota Yogyakarta,8. Bangun AF=2akar98 dll (Benar/Salah),1. DC = 4 akar 2,2. ED = 8 akar 2,3. Keliling 46 akar 2,,,"S,B,B",
Matematika - Kota Yogyakarta,9. Diskon sepatu ABCD...,1. Diskon C 75rb,2. Bayar B 93.600,3. Bayar tertinggi B,4. Bayar terendah A,,"2,4",
Matematika - Kota Yogyakarta,10. Mobil max 1 ton. 15 kotak naga(30kg). Jeruk(50kg). Maks total kotak...,A. 11 kotak,B. 16 kotak,C. 26 kotak,D. 30 kotak,,C,
Matematika - Kota Yogyakarta,11. Belanja sayur/telur...,1. 2 telur 6000,2. 1 brokoli 12000,3. Ibu bayar 54000,4. Mirna bayar 16000,,"2,4",
Matematika - Kota Yogyakarta,12. Luas arsir (aljabar persegi panjang)...,A. 20x^2 - 23x - 6,B. 20x^2 - 7x - 6,C. 20x^2 - 6,D. 20x^2 + 6,,B,
Matematika - Kota Yogyakarta,"13. f(x)=px+q, f(-4)=19, f(5)=-8...",1. p = 3,2. q = 7,3. f(x) = -3x+7,4. f(-7) = 28,,"2,3,2004",
Matematika - Kota Yogyakarta,14. Selisih persegi hitam dan putih pola ke-7...,A. 47,B. 42,C. 36,D. 34,,D,
Matematika - Kota Yogyakarta,"15. Tabungan aritmetika Agust=50rb, tambah 5rb. S.d. April 2025...",A. Rp490.000,B. Rp495.000,C. Rp630.000,D. Rp680.000,,C,
Matematika - Kota Yogyakarta,"16. Sudut b=18, c=14, sudut a...",A. 22 derajat,B. 24 derajat,C. 30 derajat,D. 32 derajat,,D,
Matematika - Kota Yogyakarta,"17. Lintasan AB=120, BC=210, CD=80. Jarak AD...",A. 200 m,B. 290 m,C. 310 m,D. 360 m,,B,
Matematika - Kota Yogyakarta,18. Segitiga ABC kongruen PQR (Benar/Salah),A. AB = 5cm,"B. Sudut R = 81,9","C. Sudut P = 54,5",,,"S,B,B",
Matematika - Kota Yogyakarta,19. Lukisan ABCD ditempel PQRS sebangun... Keliling ABCD...,A. 210 cm,B. 220 cm,C. 250 cm,D. 280 cm,,A,
Matematika - Kota Yogyakarta,"20. Adi bayangan 190, tinggi 160, jarak 200. Tinggi lampu...",A. 320 cm,B. 300 cm,C. 240 cm,D. 177 cm,,A,
Matematika - Kota Yogyakarta,21. Transformasi geometri...,"1. Translasi (-2,1) oleh (3,-5)","2. Dilatasi (-3,-2) k=4 jadi (-12,-8)",3. Refleksi sumbu x,4. Rotasi 90,,"2,4",
Matematika - Kota Yogyakarta,22. Keliling gabungan belah ketupat dan jajargenjang...,A. 79 cm,B. 92 cm,C. 105 cm,D. 109 cm,,B,
Matematika - Kota Yogyakarta,23. Luas arsir lingkaran dan persegi...,A. 304 cm^2,B. 784 cm^2,C. 1092 cm^2,D. 1246 cm^2,,C,
Matematika - Kota Yogyakarta,"24. Jaring-jaring A, B, C (Benar/Salah)",A. Jaring kubus,B. Jaring prisma segi 5,C. Jaring limas segi 4,,,"B,B,C",
Matematika - Kota Yogyakarta,25. Volume gabungan balok dan limas...,A. 2400 cm^3,B. 3360 cm^3,C. 3520 cm^3,D. 5760 cm^3,,A,
Matematika - Kota Yogyakarta,"26. Pelampung setengah bola dan kerucut dicat, luas...",A. 440 pi cm^2,B. 460 pi cm^2,C. 540 pi cm^2,D. 560 pi cm^2,,B,
Matematika - Kota Yogyakarta,27. Volume bandul setengah bola dan tabung...,A. 1080 pi cm^3,B. 1008 pi cm^3,C. 864 pi cm^3,D. 792 pi cm^3,,C,
Matematika - Kota Yogyakarta,28. Diagram penjualan gula (Benar/Salah),A. Jangkauan 16,B. Penurunan tertinggi jumat-sabtu,C. Tiga hari di atas rata-rata,,,"B,B,S",
Matematika - Kota Yogyakarta,29. Rata-rata 15 data = 22... Data ke-15...,A. 24,B. 30,C. 35,D. 40,,D,
Matematika - Kota Yogyakarta,30. Dadu jumlah 5 peluang...,A. 5/18,B. 1/6,C. 1/9,D. 1/12,,C,
Matematika - DIY Paket B,"1. Olimpiade Skor: Benar(3), Salah(-1), Kosong(0). 37 dijawab, 32 benar. Skor...",A. 111,B. 96,C. 91,D. 88,,C,
Matematika - DIY Paket B,"2. Bilangan 4/5, 1,25, 1 1/5, 90% pada garis bilangan...",A. (gambar),B. (gambar),C. (gambar),D. (gambar),,B,
Matematika - DIY Paket B,"3. 180, 360, 540. FPB...",A. 2^2 x 3^2 x 5^2,B. 2^2 x 3^2 x 5,C. 2 x 3^2 x 5,D. 2 x 3 x 5,,B,
Matematika - DIY Paket B,"4. Dinding 5m x 4m, 9m x 10m. Kemasan A(10 m^2/kg, 2kg, Rp50rb), B(15 m^2/kg, 1kg, Rp30rb)... biaya minimum",A. 1 B dan 3 A,B. 2 B dan 2 A,C. 3 B dan 1 A,D. 4 B dan 1 A,,C,
Matematika - DIY Paket B,5. Denah rumah skala 1:50...,1. Luas carport sebenarnya 24 m^2,2. Luas seluruh lahan 104 m^2,3. Keliling lahan 84m,4. Keliling taman depan 28m,,"1,2",
Matematika - DIY Paket B,"6. 250 ekor -> pakan 30 hari. 9 hari jalan, sisa 150 ekor. Pakan habis...",A. 21 hari,B. 30 hari,C. 35 hari,D. 36 hari,,C,
Matematika - DIY Paket B,"7. 6kg = Rp132.000. Uang Rp250.000, beli 11kg, kembali...",A. Rp8.000,B. Rp12.000,C. Rp18.000,D. Rp30.000,,A,
Matematika - DIY Paket B,"8. P = 3 akar(3) - 4, Q = 4 akar(3) + 5... (Benar/Salah)",A. P+Q = 7 akar(3) + 9,B. P-Q = -akar(3) - 9,C. PxQ = 16 - akar(3),,,"S,B,B",
Matematika - DIY Paket B,"9. Beli 3 baju, toko termurah (Amarta 40%, Astina beli2 gratis 1, dll)...",A. Toko Amarta,B. Toko Astina,C. Toko Pancala,D. Toko Wirata,,D,
Matematika - DIY Paket B,10. 3(3x+4)-19 = 4x+13. Nilai 3x-4...,A. 16,B. 12,C. 8,D. 4,,C,
Matematika - DIY Paket B,"11. Uang Rp120.000, ongkos Rp9.000. Buku Rp8.000, pulpen Rp6.000. Beli 4 pulpen, maks buku...",A. 9,B. 10,C. 11,D. 12,,B,
Matematika - DIY Paket B,"12. 3 anggur + 4 kiwi = 460rb, 1 anggur + 2 kiwi = 200rb...",1. Anggur Rp60.000,2. Kiwi Rp80.000,3. 2 anggur + 1 kiwi = Rp190.000,4. Kiwi lebih mahal Rp10.000 dari anggur,,"1,3,2004",
Matematika - DIY Paket B,13. Trapesium. Luas daerah trapesium (aljabar)...,A. (3x^2 + 16x + 16),B. (3x^2 + 16x + 32),C. (6x^2 + 16x + 16),D. (6x^2 + 16x + 32),,A,
Matematika - DIY Paket B,"14. Fungsi f(x) = ax+b, dll (Benar/Salah)",A. f(x) = 2x-2,"B. Daerah hasil {0,4,8}",C. a+b=4,,,"S,B,B",
Matematika - DIY Paket B,"15. Barisan 10, 12, 14, 16... U72 - U15 = ...",A. 114,B. 118,C. 120,D. 125,,A,
Matematika - DIY Paket B,16. Pola batang korek api... s.d. pola 55...,A. 7533,B. 7810,C. 7947,D. 8092,,B,
Matematika - DIY Paket B,"17. Sudut a, b, c (Benar/Salah)",A. a = 55,B. b = 35,C. c-b = 10,,,"S,B,B",
Matematika - DIY Paket B,18. Jarak gedung (Benar/Salah),A. Jarak A-D = 60m,B. Jarak B-D = 160m,C. Jarak A-B = 90m,,,"B,S,B",
Matematika - DIY Paket B,"19. Kongruen AABC = APQR, RPQ...",A. 51,B. 52,C. 60,D. 77,,A,
Matematika - DIY Paket B,20. Lukisan ABCD dan PQRS sebangun...,1. PS = 54cm,2. Keliling ABCD 280cm,3. Keliling PQRS 126cm,4. Selisih 28cm,,"1,2,2004",
Matematika - DIY Paket B,21. Titik A... Transformasi...,"1. Rotasi 90 A'(-3,2)","2. Refleksi x A'(-2,3)","3. Dilatasi -4 A'(-8,-12)","4. Translasi A'(3,7)",,"1,3",
Matematika - DIY Paket B,22. Belah ketupat dan trapesium samakaki. Keliling gabungan...,A. 68 cm,B. 72 cm,C. 78 cm,D. 88 cm,,C,
Matematika - DIY Paket B,23. Luas daerah arsir lingkaran dan persegi...,A. 140 m^2,B. 154 m^2,C. 217 m^2,D. 231 m^2,,C,
Matematika - DIY Paket B,"24. Jaring-jaring 1,2,3 (Benar/Salah)",A. Jaring kubus,B. Jaring prisma segi 7,C. Jaring limas segi 6,,,"S,B,B",
Matematika - DIY Paket B,"25. Balok + limas, TK=22, Vol gabungan...",A. 4080,B. 4440,C. 5040,D. 6480,,C,
Matematika - DIY Paket B,"26. Bola d=21m, tabung r=1,5 t=7m. Jumlah truk...",A. 343,B. 147,C. 98,D. 49,,C,
Matematika - DIY Paket B,27. Gula A vs Gula B... Selisih rata-rata...,A. 2 kg,B. 4 kg,C. 6 kg,D. 8 kg,,A,
Matematika - DIY Paket B,28. Tinggi badan siswa (Tabel)...,1. Median 157,2. Modus 155,3. Rata-rata 159,4. Di atas rata-rata 10 orang,,"2,4",
Matematika - DIY Paket B,29. Peluang dadu lebih dari 4...,A. 1/6,B. 1/3,C. 1/2,D. 2/3,,B,
Matematika - DIY Paket B,30. Mesin penetas Alpha Beta dll...,A. Alpha,B. Beta,C. Gamma,D. Delta,,C,
Matematika - DIY Paket A,"1. Olimpiade Skor: Benar(4), Salah(-1), Kosong(0). 27 dijawab, 24 benar. Skor...",A. 90,B. 93,C. 96,D. 108,,B,
Matematika - DIY Paket A,"2. Bilangan 1/2, 1,2, 1 1/4, 70% pada garis bilangan...",A. (gambar),B. (gambar),C. (gambar),D. (gambar),,C,
Matematika - DIY Paket A,"3. 240, 360, 450. FPB...",A. 2^2 x 3^2 x 5^2,B. 2^2 x 3^2 x 5,C. 2 x 3^2 x 5,D. 2 x 3 x 5,,D,
Matematika - DIY Paket A,"4. Dinding 8m x 4m, 12m x 5m. Kemasan A(10 m^2/kg, 2kg, Rp50rb), B(15 m^2/kg, 1kg, Rp30rb)... biaya minimum",A. 4 B dan 1 A,B. 3 B dan 2 A,C. 2 B dan 3 A,D. 1 B dan 3 A,,A,
Matematika - DIY Paket A,5. Denah rumah skala 1:50...,1. Luas Kamar 1 & 2 = 18 m^2,2. Luas lahan 400 m^2,3. Keliling lahan 41m,4. Keliling garasi 38m,,"1,3",
Matematika - DIY Paket A,"6. 200 ekor -> pakan 30 hari. 12 hari jalan, sisa 150 ekor. Pakan habis...",A. 18 hari,B. 24 hari,C. 30 hari,D. 32 hari,,B,
Matematika - DIY Paket A,"7. 5kg = Rp120.000. Uang Rp250.000, beli 9kg, kembali...",A. Rp34.000,B. Rp32.000,C. Rp25.000,D. Rp10.000,,A,
Matematika - DIY Paket A,"8. A = 3 akar(2) + 5, B = 2 akar(2) - 3... (Benar/Salah)",1. A+B = 5 akar(2) + 2,2. A-B = akar(2) + 2,3. AxB = akar(2) - 3,,,"B,S,B",
Matematika - DIY Paket A,"9. Beli 3 baju, toko termurah (Merapi 60%, Merbabu beli2 gratis 1, dll)...",A. Toko Merapi,B. Toko Merbabu,C. Toko Himalaya,D. Toko Suralaya,,C,
Matematika - DIY Paket A,10. 4(2x+3)-13 = 5x+8. Nilai 6x+5...,A. 3,B. 13,C. 21,D. 23,,D,
Matematika - DIY Paket A,"11. Uang Rp100.000, ongkos Rp8.000. Buku Rp9.000, pulpen Rp7.000. Beli 3 pulpen, maks buku...",A. 6,B. 7,C. 8,D. 9,,B,
Matematika - DIY Paket A,"12. 4 bawang + 3 cabai = 360rb, 2 bawang + 5 cabai = 390rb...",1. Bawang Rp47.000,2. Cabai Rp60.000,3. 1 bawang + 2 cabai = Rp165.000,4. Selisih Rp15.000,,"2,3,2004",
Matematika - DIY Paket A,13. Trapesium. Luas daerah trapesium (aljabar)...,A. (2x^2 + 7x + 6),B. (2x^2 + 8x + 8),C. (2x^2 + 12x + 16),D. (4x^2 + 8x + 16),,B,
Matematika - DIY Paket A,"14. Fungsi f(x) = ax+b, dll (Benar/Salah)",1. f(x) = 2x+1,"2. Daerah hasil {5,9,13}",3. a+b=4,,,"B,B,S",
Matematika - DIY Paket A,"15. Barisan 8, 11, 14, 17... U60 - U12 = ...",A. 96,B. 120,C. 144,D. 156,,C,
Matematika - DIY Paket A,16. Pola batang korek api... s.d. pola 55...,A. 7452,B. 7590,C. 7755,D. 8036,,C,
Matematika - DIY Paket A,"17. Sudut x, y (Benar/Salah)",A. x = 97,B. y = 45,C. x-y = 42,,,"B,S,B",
Matematika - DIY Paket A,18. Jarak gedung (Benar/Salah),A. Jarak A-D = 60m,B. Jarak B-D = 90m,C. Jarak A-B = 40m,,,"S,B,B",
Matematika - DIY Paket A,"19. Kongruen AABC = APQR, PQ...","A. 1,3 cm","B. 1,5 cm","C. 2,0 cm","D. 3,0 cm",,A,
Matematika - DIY Paket A,20. Lukisan ABCD dan PQRS sebangun...,1. QR = 54cm,2. Luas ABCD 4800 cm^2,3. Luas PQRS 3672 cm^2,4. Luas tak tertutup 912 cm^2,,"1,2,2004",
Matematika - DIY Paket A,21. Titik A... Transformasi...,"1. Translasi (-1,4) jadi A'(4,6)","2. Rotasi 90 A'(-2,3)","3. Refleksi x A'(-3,2)","4. Dilatasi -4 A'(-12,-8)",,"2,4",
Matematika - DIY Paket A,22. Belah ketupat dan trapesium samakaki. Keliling gabungan...,A. 80 cm,B. 89 cm,C. 92 cm,D. 105 cm,,C,
Matematika - DIY Paket A,23. Luas daerah arsir lingkaran dan persegi...,A. 157 m^2,B. 286 m^2,C. 372 m^2,D. 443 m^2,,D,
Matematika - DIY Paket A,"24. Jaring-jaring 1,2,3 (Benar/Salah)",A. Jaring kubus,B. Jaring prisma segi 6,C. Jaring limas segi 4,,,"B,B,S",
Matematika - DIY Paket A,"25. Balok + limas, TK=22, Vol gabungan...",A. 9200,B. 9620,C. 10020,D. 10800,,A,
Matematika - DIY Paket A,"26. Bola d=12m, tabung r=1 t=4m. Jumlah truk...",A. 144,B. 72,C. 48,D. 36,,B,
Matematika - DIY Paket A,27. Gula A vs Gula B... Selisih rata-rata...,A. 4 kg,B. 6 kg,C. 8 kg,D. 10 kg,,B,
Matematika - DIY Paket A,28. Tinggi badan siswa (Tabel)...,1. Modus 155,2. Median 156,3. Rata-rata 158,4. Di bawah rata-rata 10 orang,,"1,4",
Matematika - DIY Paket A,29. Peluang dadu kurang dari 5...,A. 1/6,B. 1/3,C. 1/2,D. 2/3,,D,
Matematika - DIY Paket A,30. Mesin penetas Alpha Beta dll...,A. Mesin A,B. Mesin B,C. Mesin C,D. Mesin D,,D,
B.Indo - DIY Paket B,1. Penggunaan kata rumah menekankan bahwa Raja Ampat berfungsi sebagai...,A. kawasan wisata,B. wilayah perlindungan,C. tempat menyediakan makanan dan kondisi laut,D. lokasi penelitian,,C,
B.Indo - DIY Paket B,2. Tentukan kesesuaian pernyataan (Sesuai/Tidak Sesuai),A. Pabrik spesies karena arus laut nutrisi tinggi.,B. Terumbu karang penting bagi masyarakat.,C. Konservasi total masyarakat dilarang.,,,"S,S,TS",
B.Indo - DIY Paket B,3. Gagasan pendukung kawasan pusat keanekaragaman hayati...,A. Pulau kecil wisata,B. Arus laut nutrisi menopang kehidupan laut,C. Ekonomi perikanan laut,D. Transportasi laut,,B,
B.Indo - DIY Paket B,4. Istilah media sosial yang sesuai dengan teks...,1. unggah,2. produk,3. konsep,4. reviu,,"1,4",
B.Indo - DIY Paket B,5. Apa tujuan teks prosedur tersebut ditulis?,A. Menghibur reviu,B. Menjelaskan langkah-langkah membuat konten reviu,C. Membujuk menjadi youtuber,D. Mendeskripsikan kelebihan,,B,
B.Indo - DIY Paket B,6. Bagian mana yang tidak sesuai pada teks prosedur...,A. Langkah tidak lengkap judul video,B. Alat bahan dijelaskan terpisah,C. Tahapan tidak urut,D. Langkah tidak mencerminkan isi konten,,A,
B.Indo - DIY Paket B,7. Pokok-pokok berita Borobudur Fun Run...,1. Diselenggarakan 16 Nov,2. Diselenggarakan 23 Nov seminggu setelah Marathon,3. Diikuti 11500,4. Diikuti ribuan peserta seminggu setelah Marathon,,"2,4",
B.Indo - DIY Paket B,8. Hal prioritas pemerintah daerah agar masyarakat gemar lari...,1. Lintasan gratis/murah,2. Pernak-pernik,3. Klub profesional,4. Lomba lari menggembirakan/prestasi hadiah menarik,,"1,4",
B.Indo - DIY Paket B,9. Penulisan kalimat yang belum akurat terdapat pada...,A. kalimat pertama paragraf pertama,B. kalimat kedua paragraf kedua,C. kalimat kedua paragraf ketiga,D. kalimat pertama paragraf keempat,,C,
B.Indo - DIY Paket B,10. Pihak yang menggunakan berbagai modus meyakinkan korban phising...,A. pelaku kejahatan phising,B. para korban,C. oknum penipuan,D. file yang dikirim,,A,
B.Indo - DIY Paket B,11. Peristiwa yang terjadi pada kutipan teks tersebut adalah,A. pengiriman file,B. korban penipuan,C. imbauan polisi,D. meningkatnya kasus penipuan online,,D,
B.Indo - DIY Paket B,12. Tindakan yang relevan untuk mencegah peristiwa terulang adalah,A. bersikap hati-hati terhadap pesan mencurigakan,B. segera lapor polisi,C. biasa saja,D. mengusulkan hukuman berat,,A,
B.Indo - DIY Paket B,13. Kata istilah manakah yang tidak sesuai kaidah...,1. glikemik,2. fruktosa,3. nutrien,4. glaukoma,,"3,4",
B.Indo - DIY Paket B,14. Pola pengembangan pada paragraf ketiga teks diabetes...,A. Kausalitas.,B. Deduktif.,C. Induktif.,D. Ilustrasi.,,B,
B.Indo - DIY Paket B,15. Penggunaan konjungsi manakah yang tidak sesuai kaidah...,A. atau paragraf 2,B. namun paragraf 2,C. supaya paragraf 3,D. dan paragraf 1,,C,
B.Indo - DIY Paket B,16. Kebenaran opini (Benar/Salah) Novel Melangkah...,"A. Diapresiasi banyak aspek, detail berlebihan kurangi kenyamanan.",B. Unsur budaya disebut sekilas.,"C. Walau penokohan kurang, perpaduan aksi layak direkomendasikan.",,,"B,S,B",
B.Indo - DIY Paket B,17. Simpulan paling tepat teks ulasan Melangkah...,"A. Menonjolkan laga, budaya latar.",B. Gagal karena kritik sosial menutupi fantasi.,C. Keunggulan pada kejelasan motivasi.,"D. Berhasil memadukan petualangan, walau penokohan kurang.",,D,
B.Indo - DIY Paket B,18. Alasan paling tepat judul Melangkah sesuai adalah...,A. Penulis gambarkan Sumba detail.,B. Fokus konflik batin tokoh.,"C. Perpaduan budaya, namun kedalaman karakter belum maksimal.",D. Detail panjang bebas kelemahan.,,C,
B.Indo - DIY Paket B,19. Bagan yang sesuai teks Pola Makan Remaja...,A. Penyebab -> Dampak Kurangnya Gizi -> Edukasi Gizi,B. Penyebab -> Kurangnya Asupan -> Dampak Jangka Panjang -> Solusi,C. Penyebab -> Dampak Jangka Panjang -> Kurangnya Asupan -> Solusi,D. Penyebab -> Makanan Bergizi -> Dampak -> Edukasi,,B,
B.Indo - DIY Paket B,20. Ide pokok paragraf ketiga (Benar/Salah)...,A. Meningkatnya risiko berat badan.,B. Dampak jangka panjang pola makan tidak sehat.,C. Ancaman kurang aktivitas.,,,"S,B,S",
B.Indo - DIY Paket B,21. Hal positif yang mungkin terjadi setelah memahami teks...,1. Mendorong remaja memperhatikan gizi.,2. Tetap konsumsi cepat saji rutin.,3. Sadar dampak jangka panjang selektif memilih.,4. Anggapan praktis membuat konsumsi setiap hari.,,"1,3",
B.Indo - DIY Paket B,22. Larik puisi cinta ibu terjadi...,A. saat hidup,B. waktu siang,C. sepanjang waktu,D. selama bekerja,,C,
B.Indo - DIY Paket B,23. Gambaran ibu menggendong masa depan...,A. ibu perjalanan jauh,B. ibu gendong anak lelah,C. ibu tahan sakit diam,D. ibu tabah perjuangkan masa depan,,D,
B.Indo - DIY Paket B,24. Ungkapan perasaan sesuai isi puisi Dunia Ibu...,A. Adi: sedih penderitaan ibu,B. Budi: bahagia tak lapar,C. Edi: terharu ketabahan perjuangkan anak,D. Bedi: bangga ibu tak mengeluh,,C,
B.Indo - DIY Paket B,25. Pokok-pokok cerita Rayna pemulung...,A. Rayna kumpul gelas - pulang - ambil alat - karung penuh,B. Rayna pulang - ganti - ambil alat - jual - bahagia,C. Rayna pulang - ganti - ambil alat - kumpul gelas - jual,D. Rayna pulang - ganti - alat - kumpul semua - jual,,D,
B.Indo - DIY Paket B,26. Prediksi peristiwa Rayna (Sesuai/Tidak Sesuai)...,A. Ayah memergoki memukul sakit.,B. Teman ayah menegur.,C. Rayna berhasil jual gembira.,,,"S,TS,S",
B.Indo - DIY Paket B,27. Pelajaran yang relevan Rayna memulung...,A. Ikut memulung.,B. Tidak ikut campur.,C. Mengusul tidak dilarang.,D. Membantu orang tua senang ikhlas.,,B,
B.Indo - DIY Paket B,28. Latar tempat naga dikalahkan...,A. Sisik mampu menghidupkan tanah.,B. Di puncak Gunung Satam berhadapan naga.,C. Tanam sisik tanah desa.,D. Perjalanan puncak Gunung.,,C,
B.Indo - DIY Paket B,29. Nilai moral cerita Satam...,A. Keseimbangan alam dijaga,B. Tanggung jawab,C. Kekuatan pemenang,D. Bijaksana keputusan,,A,
B.Indo - DIY Paket B,30. Unsur intrinsik cerita Satam...,1. Latar nyata.,2. Tema pelestarian mendidik.,3. Tokoh pemberani layak ditiru.,4. Alur maju.,,"2,3,2004",
B.Indo - DIY Paket A,1. Makna istilah kapasitas...,A. kemampuan menampung,B. kewenangan jabatan,C. keterbatasan kemampuan,D. kemampuan mental,,A,
B.Indo - DIY Paket A,2. Kesesuaian pernyataan teks Lingkungan (Sesuai/Tidak Sesuai),A. Penyediaan RTH terkendala lahan.,B. Kapasitas penanganan mampu mengatasi sampah.,C. Urbanisasi menyebabkan masalah lingkungan.,,,"S,TS,S",
B.Indo - DIY Paket A,3. Gagasan pendukung paragraf pertama Lingkungan...,"A. RTH 2,6 juta",B. Penumpukan sampah diakibatkan produksi melebihi kapasitas,C. Polusi udara sedang,D. Ketersediaan lahan berkurang karena RTH,,B,
B.Indo - DIY Paket A,4. Istilah media sosial teks Shorts...,1. upload,2. relevan,3. konsep,4. audiens,,"1,4",
B.Indo - DIY Paket A,5. Tujuan teks Shorts...,A. Membujuk menjadi Youtuber,B. Mendeskripsikan kelebihan YT,C. Menghibur cerita,D. Menjelaskan langkah-langkah Shorts,,D,
B.Indo - DIY Paket A,6. Bagian teks Shorts tidak sesuai...,A. Tahapan tidak urut,B. Pengaturan video diprivat tidak bisa ditonton,C. Alat bahan tidak dukung,D. Durasi 8 menit,,B,
B.Indo - DIY Paket A,7. Pokok berita Tangerang 10K...,1. Jumlah pelari 2500 berbagai negara,2. Dilaksanakan 7 Des Pasific Garden,3. Penyelenggara Pemkot dan Kompas,4. Peserta nulis pesan,,"3,4",
B.Indo - DIY Paket A,8. Hal pihak nonpemerintah menggiatkan olahraga...,1. finansial menguntungkan,2. klub murah/gratis,3. sponsor massal,4. danai pemerintah,,"2,3",
B.Indo - DIY Paket A,9. Kenapa teks Tangerang belum lengkap unsur berita?,A. Peristiwa belum,B. Tempat pelaksanaan,C. Siapa terlibat,D. Alasan penyelenggaraan belum,,D,
B.Indo - DIY Paket A,10. Spons menyerap air...,A. hutan DAS,B. hutan Kalimantan,C. hutan Sumatera,D. deforestasi,,A,
B.Indo - DIY Paket A,11. Peristiwa teks bencana...,A. Deforestasi,B. Bencana hidrologis,C. Curah hujan tinggi,D. Bencana banjir longsor,,D,
B.Indo - DIY Paket A,12. Tindakan mencegah peristiwa...,"A. Mencintai lingkungan, melestarikan",B. Menghukum pelaku,C. Dukung kurikulum,D. Rancang UU,,A,
B.Indo - DIY Paket A,13. Kata tidak sesuai kaidah teks Ginjal...,1. fertilisasi,2. karbonasi,3. hipertensi,4. diabetes,,"1,2",
B.Indo - DIY Paket A,14. Pola pengembangan paragraf 2 Ginjal...,A. perbandingan,B. kronologis,C. kausalitas,D. ilustrasi,,C,
B.Indo - DIY Paket A,15. Konjungsi tidak sesuai teks Ginjal...,A. sehingga paragraf 2,B. namun paragraf 1,C. dan paragraf 1,D. agar paragraf 4,,D,
B.Indo - DIY Paket A,16. Opini Na Willa (Benar/Salah),A. Memadukan alur emosional dan sinematografi.,B. Akting Willa natural.,C. Tokoh utamanya Willa berjuang hidup.,,,"B,B,B",
B.Indo - DIY Paket A,17. Simpulan teks Na Willa...,"A. Menekankan batin, lain kurang.","B. Menggabungkan cerita, visual, musik pengalaman bermakna.",C. Pentingnya karakter pendukung.,D. Sutradara fokus sinematografi abai emosi.,,B,
B.Indo - DIY Paket A,18. Alasan judul Na Willa sesuai...,A. Hanya keindahan visual.,B. Musik dibanding cerita.,C. Di balik sinematografi ada konflik dan makna.,D. Film drama pasti inspirasi.,,C,
B.Indo - DIY Paket A,19. Bagan teks Make Up...,A. Penyebab -> Kesehatan -> Jasmani,B. Tren -> Dampak -> Mental,C. Dampak -> Mata Kulit Mental,D. Penyebab -> Kulit Mata Mental,,D,
B.Indo - DIY Paket A,20. Ide pokok paragraf 3 Make Up (Benar/Salah),A. Alergi peradangan,B. Pengaruh make up berlebihan,C. Akibat kualitas,,,"S,B,S",
B.Indo - DIY Paket A,21. Hal positif teks Make Up...,1. Remaja wajar make up,2. Wajib make up menarik,3. Sadar kebersihan dan kualitas kosmetik,4. Make up tak pengaruh mental,,"1,3",
B.Indo - DIY Paket A,"22. Puisi Kartini lampu remang, bulu mata sayup... suasana...",A. muram,B. duka,C. hening,D. sepi,,A,
B.Indo - DIY Paket A,"23. 'ladang-ladang karang dirambah, disiangi kaki telanjang' ... citraan...",A. visual,B. audio,C. gerak,D. penciuman,,A,
B.Indo - DIY Paket A,24. Ungkapan perasaan sesuai puisi Kartini...,A. Ari: prihatin berjuang keras,B. Ira: syukur nasib olah ladang,C. Eni: terharu perjuangan Kartini,D. Ani: biasa saja,,A,
B.Indo - DIY Paket A,25. Kerangka cerita Maya...,A. Maya - Badai - Bangunan roboh - Maya bersih - Donasi,B. Badai - Roboh - Bersih - Kotak,C. Peduli - Badai - Pohon tumbang - Kotak bersih,D. Peduli - Badai - Tumbang roboh - Teman bersih - Kotak - Spanduk,,C,
B.Indo - DIY Paket A,26. Prediksi Maya (Sesuai/Tidak Sesuai),A. Warga ikut peduli,B. Maya diusir,C. Maya dapat apresiasi,,,"S,TS,S",
B.Indo - DIY Paket A,27. Pelajaran relevan Maya di sekolah...,A. Bersih sekolah banjir,B. Peduli buang sampah tempat,C. Imbau OSIS program lingkungan,D. Pihak sekolah libatkan pihak lain,,C,
B.Indo - DIY Paket A,28. Latar suasana Kapten Hitam Serindit...,A. Air gelombang,B. Angin kencang,C. Tanah mulai gersang,D. Dilimpahi matahari,,C,
B.Indo - DIY Paket A,29. Nilai moral Pelawan Serindit...,A. Berani membela kebenaran,B. Muda tangguh,C. Tanggung jawab,D. Kekuatan optimal,,A,
B.Indo - DIY Paket A,30. Unsur intrinsik Serindit...,1. Nyata,2. Pelestarian mendidik,3. Pemberani ditiru,4. Alur maju mudah,,"2,3,2004",
